box_id,class_text,class_en,xmin,ymin,xmax,ymax
1,桥,bridge,0.55438,0.687099,0.7093969999999999,0.755729
2,山,mountain,0.446185,0.468918,1.0,1.0
3,山,mountain,0.441403,0.338198,1.0,0.70476
