box_id,class_text,class_en,xmin,ymin,xmax,ymax
1,山,mountain,0.50252,0.517353,1.0,1.0
2,树,tree,0.496095,0.693992,1.0,1.0
3,建筑,architecture,0.396262,0.819038,0.701417,0.890117
4,树,tree,0.342222,0.687532,1.0,1.0
