box_id,class_text,class_en,xmin,ymin,xmax,ymax
1,树,tree,0.711672,0.730608,1.0,1.0
2,山,mountain,0.615557,0.626627,0.8555820000000001,0.81687
3,人,person,0.642251,0.518103,0.707083,0.614934
4,山,mountain,0.844163,0.304809,1.0,0.699639
5,树,tree,0.430463,0.922074,0.555743,1.0
