box_id,class_text,class_en,xmin,ymin,xmax,ymax
1,树,tree,0.233879,0.496051,0.4928,0.650269
2,建筑,architecture,0.823342,0.797642,1.0,0.8986289999999999
3,树,tree,0.128522,0.311808,0.276,0.451399
4,树,tree,0.658343,0.601985,1.0,1.0
5,建筑,architecture,0.957239,0.521558,1.0,0.58938
6,山,mountain,0.499465,0.278938,1.0,0.836815
7,树,tree,0.064325,0.594109,0.188112,0.643911
8,树,tree,0.896703,0.946209,1.0,1.0
