box_id,class_text,class_en,xmin,ymin,xmax,ymax
1,树,tree,0.50177,0.250608,1.0,0.7518229999999999
2,树,tree,0.498897,0.799274,1.0,1.0
3,鸟,bird,0.573924,0.713322,1.0,1.0
