box_id,class_text,class_en,xmin,ymin,xmax,ymax
1,人,person,0.393839,0.461962,0.443127,0.53433
2,山,mountain,0.502996,0.487306,1.0,1.0
3,树,tree,0.929462,0.594295,1.0,0.780306
4,树,tree,0.291516,0.704852,0.874548,1.0
5,树,tree,0.70918,0.607819,0.94569,0.899519
6,树,tree,0.707883,0.297597,0.8176100000000001,0.38102199999999997
7,树,tree,0.541059,0.68755,1.0,1.0
