box_id,class_text,class_en,xmin,ymin,xmax,ymax
1,山,mountain,0.51035,0.39656,1.0,1.0
2,树,tree,0.675652,0.720219,1.0,1.0
3,树,tree,0.501609,0.715024,1.0,1.0
4,树,tree,0.420631,0.573074,0.598203,0.661357
5,人,person,0.431011,0.919351,0.461881,0.946652
6,建筑,architecture,0.639846,0.894969,1.0,1.0
7,树,tree,0.540891,0.382267,0.65051,0.43950500000000003
