box_id,class_text,class_en,xmin,ymin,xmax,ymax
1,建筑,architecture,0.695236,0.374539,0.912553,0.654984
2,树,tree,0.355906,0.565375,1.0,1.0
3,山,mountain,0.503195,0.593111,1.0,1.0
4,树,tree,0.869684,0.699245,1.0,1.0
