box_id,class_text,class_en,xmin,ymin,xmax,ymax
1,树,tree,0.784413,0.595409,1.0,1.0
2,山,mountain,0.754746,0.200424,1.0,0.559179
3,山,mountain,0.26916,0.294472,0.8064979999999999,0.659467
4,建筑,architecture,0.513373,0.638806,0.9333739999999999,0.909567
5,树,tree,0.431131,0.477423,0.63561,0.619841
6,建筑,architecture,0.545953,0.65066,0.878434,0.844987
7,人,person,0.411512,0.703986,0.448281,0.793541
